Model,MAE,RMSE,R2,MAPE
Baseline,0.007215344331980058,0.010318651775092452,-0.667460062501779,488.48649251731314
XGBoost,0.005255738162771673,0.007508583072866356,0.11707155623775667,378.01680938611327
LSTM,0.005165319889783859,0.007507594857726263,0.11931151151657104,387.46295166015625
